{
  "museformer": {},
  "musicgen": {
    "audio_features": [
      {
        "duration": 15.0,
        "sample_rate": 22050,
        "spectral_centroid": 2882.4036871967605,
        "spectral_bandwidth": 2776.3560498116753,
        "spectral_rolloff": 6197.962521768576,
        "zero_crossing_rate": 0.11597889052825078,
        "mfcc_1": -93.64361572265625,
        "mfcc_2": 65.15885925292969,
        "mfcc_3": 11.866231918334961,
        "mfcc_4": 38.28459548950195,
        "mfcc_5": -2.1194989681243896,
        "mfcc_6": 21.7125244140625,
        "mfcc_7": 1.6270664930343628,
        "mfcc_8": 12.202417373657227,
        "mfcc_9": 5.061295986175537,
        "mfcc_10": 10.460214614868164,
        "mfcc_11": -2.8783600330352783,
        "mfcc_12": 3.382950782775879,
        "mfcc_13": -5.270239353179932,
        "chroma_mean": 0.4274902939796448,
        "chroma_std": 0.2706758379936218,
        "tempo": 123.046875,
        "rms_energy": 0.10791615396738052,
        "f0_mean": 103.2421436572349,
        "f0_std": 33.6332105763696,
        "file": "outputs\\generated\\generated_sample_001.wav",
        "model": "musicgen"
      },
      {
        "duration": 15.0,
        "sample_rate": 22050,
        "spectral_centroid": 1240.9938108980557,
        "spectral_bandwidth": 1599.432748670542,
        "spectral_rolloff": 2670.767183569563,
        "zero_crossing_rate": 0.06344179324690402,
        "mfcc_1": -163.7631072998047,
        "mfcc_2": 149.28915405273438,
        "mfcc_3": -16.166744232177734,
        "mfcc_4": 54.55991744995117,
        "mfcc_5": 12.309412002563477,
        "mfcc_6": 9.493964195251465,
        "mfcc_7": -3.5712599754333496,
        "mfcc_8": 6.015538692474365,
        "mfcc_9": -2.5401973724365234,
        "mfcc_10": -2.109774112701416,
        "mfcc_11": 1.251465082168579,
        "mfcc_12": 5.133068084716797,
        "mfcc_13": -12.256525993347168,
        "chroma_mean": 0.33625853061676025,
        "chroma_std": 0.27848637104034424,
        "tempo": 86.1328125,
        "rms_energy": 0.15028978884220123,
        "f0_mean": 101.65671324650826,
        "f0_std": 35.17120101665151,
        "file": "outputs\\generated\\generated_sample_002.wav",
        "model": "musicgen"
      }
    ],
    "num_samples": 2
  },
  "comparison": {}
}