{
  "samples": [
    {
      "spectral_centroid": 2882.4036871967605,
      "spectral_bandwidth": 2776.3560498116753,
      "spectral_rolloff": 6197.962521768576,
      "zero_crossing_rate": 0.11597889052825078,
      "mfcc_1": -93.64361572265625,
      "mfcc_2": 65.15885925292969,
      "mfcc_3": 11.866231918334961,
      "mfcc_4": 38.28459548950195,
      "mfcc_5": -2.1194989681243896,
      "chroma_mean": 0.4274902939796448,
      "chroma_std": 0.2706758379936218,
      "tempo": 123.046875,
      "rms_energy": 0.10791615396738052,
      "duration": 15.0,
      "file": "outputs\\generated\\generated_sample_001.wav"
    },
    {
      "spectral_centroid": 1240.9938108980557,
      "spectral_bandwidth": 1599.432748670542,
      "spectral_rolloff": 2670.767183569563,
      "zero_crossing_rate": 0.06344179324690402,
      "mfcc_1": -163.7631072998047,
      "mfcc_2": 149.28915405273438,
      "mfcc_3": -16.166744232177734,
      "mfcc_4": 54.55991744995117,
      "mfcc_5": 12.309412002563477,
      "chroma_mean": 0.33625853061676025,
      "chroma_std": 0.27848637104034424,
      "tempo": 86.1328125,
      "rms_energy": 0.15028978884220123,
      "duration": 15.0,
      "file": "outputs\\generated\\generated_sample_002.wav"
    }
  ],
  "statistics": {
    "spectral_centroid": {
      "mean": 2061.698749047408,
      "std": 820.7049381493524,
      "min": 1240.9938108980557,
      "max": 2882.4036871967605
    },
    "spectral_bandwidth": {
      "mean": 2187.8943992411087,
      "std": 588.4616505705667,
      "min": 1599.432748670542,
      "max": 2776.3560498116753
    },
    "spectral_rolloff": {
      "mean": 4434.3648526690695,
      "std": 1763.5976690995067,
      "min": 2670.767183569563,
      "max": 6197.962521768576
    },
    "zero_crossing_rate": {
      "mean": 0.0897103418875774,
      "std": 0.026268548640673378,
      "min": 0.06344179324690402,
      "max": 0.11597889052825078
    },
    "mfcc_1": {
      "mean": -128.70336151123047,
      "std": 35.05974578857422,
      "min": -163.7631072998047,
      "max": -93.64361572265625
    },
    "mfcc_2": {
      "mean": 107.22400665283203,
      "std": 42.065147399902344,
      "min": 65.15885925292969,
      "max": 149.28915405273438
    },
    "mfcc_3": {
      "mean": -2.1502561569213867,
      "std": 14.016488075256348,
      "min": -16.166744232177734,
      "max": 11.866231918334961
    },
    "mfcc_4": {
      "mean": 46.42225646972656,
      "std": 8.13766098022461,
      "min": 38.28459548950195,
      "max": 54.55991744995117
    },
    "mfcc_5": {
      "mean": 5.0949565172195435,
      "std": 7.214455485343933,
      "min": -2.1194989681243896,
      "max": 12.309412002563477
    },
    "chroma_mean": {
      "mean": 0.3818744122982025,
      "std": 0.04561588168144226,
      "min": 0.33625853061676025,
      "max": 0.4274902939796448
    },
    "chroma_std": {
      "mean": 0.27458110451698303,
      "std": 0.003905266523361206,
      "min": 0.2706758379936218,
      "max": 0.27848637104034424
    },
    "tempo": {
      "mean": 104.58984375,
      "std": 18.45703125,
      "min": 86.1328125,
      "max": 123.046875
    },
    "rms_energy": {
      "mean": 0.12910297140479088,
      "std": 0.021186817437410355,
      "min": 0.10791615396738052,
      "max": 0.15028978884220123
    },
    "duration": {
      "mean": 15.0,
      "std": 0.0,
      "min": 15.0,
      "max": 15.0
    }
  },
  "num_samples": 2
}